Left_distance_reading, Front_distance_reading, Left_motor_speed, Right_motor_speed
324.505,1515.29,149.916,115
321.783,1531.29,151.175,115
326.944,1637.38,148.789,115
323.455,1634.46,150.402,115
324.404,1631.21,149.963,115
318.009,3250.54,152.921,115
320.233,3239.14,151.892,115
330.934,3228.32,146.943,115
322.958,3211.48,150.632,115
330.715,3200.55,147.044,115
333.994,3178.55,145.528,115
332.24,3169.42,146.339,115
335.832,3156.7,144.678,115
329.547,3146.13,147.585,115
338.786,3138.55,143.312,115
340.496,3120.64,142.521,115
339.455,3110.9,143.002,115
339.455,3098.15,143.002,115
346.596,3092.77,139.699,115
341.352,3078.4,142.125,115
354.446,3060.48,136.069,115
351.249,3062.17,137.548,115
356.346,3044.44,135.19,115
357.192,3025.43,134.799,115
366.203,3017.22,130.631,115
364.31,2999.46,131.507,115
368.585,2993.35,129.529,115
373.306,2977.7,127.346,115
373.306,2965.67,127.346,115
374.784,2967.35,126.662,115
373.835,2955.32,127.101,115
375.858,2944.48,126.166,115
383.581,2928.19,122.594,115
384.947,2925.64,121.962,115
379.891,2910.91,124.3,115
386.504,2894.51,121.242,115
391.575,2883,118.897,115
396.11,2874.17,116.799,115
395.43,2856.41,117.114,115
391.98,2848.33,118.709,115
401.212,2829.09,115,115
402.041,2828.32,115,115
403.372,2810.58,115,115
409.246,2802.57,115,115
415.97,2791.26,115,115
414.833,2779.23,115,115
415.195,2765.36,115,115
414.843,2753.3,115,115
425.074,2736.8,115,115
430.259,2725.97,115,115
428.159,2718.83,115,115
434.947,2709.24,115,115
440.918,2690.31,115,115
443.924,2680.58,115,115
438.106,2672.26,115,115
445.995,2655.72,115,115
446.944,2645.42,115,115
455.388,2635.07,115,116.384
457.026,2617.29,115,116.805
455.53,2609.32,115,116.421
455.448,2598.56,115,116.4
453.971,2586.84,115,116.02
457.627,2588.56,115,116.96
457.135,2576.53,115,116.833
465.831,2560.48,115,119.068
467.139,2549.3,115,119.404
469.76,2541.69,115,120.077
469.76,2529.66,115,120.077
469.924,2524.57,115,120.119
479.357,2520.23,115,122.543
477.969,2497.62,115,122.186
482.828,2488.38,115,123.435
496.249,2480.25,115,126.883
499.319,2470.41,115,127.672
505.363,2455.06,115,129.225
502.556,2441.43,115,128.504
498.159,2421.54,115,127.374
503.06,2415.72,115,128.633
509.078,2398.28,115,130.18
508.993,2387.26,115,130.158
518.142,2388.19,115,132.509
517.841,2376.23,115,132.431
517.692,2355.28,115,132.393
512.558,2336.78,115,131.074
517.044,2329.85,115,132.227
521.856,2316.99,115,133.463
527.104,2301.94,115,134.811
526.23,2304.58,115,134.587
526.274,2284.4,115,134.598
526.531,2275.43,115,134.664
530.44,2265.46,115,135.669
536.517,2249.21,115,137.23
531.013,2247.02,115,135.816
536.308,2231.5,115,137.176
527.329,2213.99,115,134.869
526.218,2205.43,115,134.584
524.701,2193.15,115,134.194
524.499,2183.38,115,134.142
526.278,2181.35,115,134.599
532.012,2164.86,115,136.072
535.149,2157.24,115,136.879
535.993,2148.7,115,137.095
535.365,2135.55,115,136.934
531.39,2127.71,115,135.913
536.993,2126.33,115,137.352
536.545,2112.51,115,137.237
536.756,2094.41,115,137.291
534.796,2094.25,115,136.788
536.789,2082.4,115,137.3
533.972,2074.4,115,136.576
531.225,2058.98,115,135.87
535.702,2049.49,115,137.021
532.036,2041.7,115,136.079
530.699,2029.61,115,135.735
530.949,2016.91,115,135.799
530.699,2009.94,115,135.735
535.563,2007.36,115,136.985
531.01,1991.7,115,135.815
531.301,1983.85,115,135.89
528.738,1974.24,115,135.231
527.846,1965.16,115,135.002
527.209,1954.53,115,134.838
528.029,1947.17,115,135.049
518.007,1937.49,115,132.474
524.115,1929.3,115,134.043
522.552,1920.81,115,133.642
522.488,1903.62,115,133.625
521.527,1893.41,115,133.378
519.736,1880.76,115,132.918
519.513,1881.82,115,132.861
515.987,1872.63,115,131.955
513.123,1859.93,115,131.219
510.617,1863.88,115,130.575
505.12,1853.79,115,129.163
509.581,1845.23,115,130.309
509.581,1833.47,115,130.309
508.228,1826.96,115,129.961
502.737,1819.53,115,128.551
498.275,1810.1,115,127.404
498.275,1798.37,115,127.404
501.414,1800.13,115,128.211
503.823,1781.96,115,128.83
494.084,1771.84,115,126.327
492.566,1771.09,115,125.937
501.696,1762.94,115,128.283
498.491,1760.6,115,127.459
499.517,1743.93,115,127.723
496.37,1735.19,115,126.914
539.075,1724.93,115,137.887
608.574,1711.3,115,155.745
684.732,1700.69,115,175.313
746.32,1691.88,115,191.138
824.813,1696.53,115,211.306
814.441,1688.53,115,208.641
805.907,1686.03,115,206.448
805.994,1698.24,115,206.471
768.498,1700.69,115,196.836
766.867,1720.53,115,196.417
742.304,1732.97,115,190.106
720.907,1736.77,115,184.608
725.475,1744.41,115,185.782
725.174,1749.66,115,185.704
725.193,1777.69,115,185.709
729.289,1765.95,115,186.762
729.124,1774.07,115,186.719
739.418,1796.65,115,189.364
749.828,1803.65,115,192.039
736.978,1817.4,115,188.737
745.277,1834.17,115,190.87
747.898,1844.24,115,191.543
737.568,1878.34,115,188.889
756.229,1907.09,115,193.684
747.216,1926.42,115,191.368
749.07,1953.64,115,191.844
733.672,1990.91,115,187.888
736.122,2032.22,115,188.517
738.381,2088.99,115,189.098
734.809,2097.27,115,188.18
747.968,2134.28,115,191.561
749.647,2176.89,115,191.993
749.686,2253.01,115,192.003
736.377,2226.75,115,188.583
735.39,2307.52,115,188.329
728.16,2300.32,115,186.472
728.671,2310.41,115,186.603
732.425,2310.99,115,187.568
732.425,2314.43,115,187.568
743.393,2321.8,115,190.386
737.047,2331,115,188.755
739.537,2336.01,115,189.395
748.761,2344.36,115,191.765
746.125,2355.2,115,191.088
746.125,2359.87,115,191.088
748.895,2364.77,115,191.799
745.711,2375.41,115,190.981
741.78,2395.27,115,189.971
739.657,2413.85,115,189.426
743.146,2417.22,115,190.322
750.358,2429.34,115,192.175
749.147,2444.28,115,191.864
730.596,2492.09,115,187.098
736.739,2521.31,115,188.676
739.186,2559.23,115,189.305
737.132,2570.19,115,188.777
738.612,2619.98,115,189.157
735.583,2641.15,115,188.379
739.97,2670.37,115,189.506
736.42,2711.98,115,188.594
733.072,2748.46,115,187.734
732.858,2741.8,115,187.679
736.136,2793.78,115,188.521
735.323,2841.62,115,188.312
731.41,2900.07,115,187.307
731.381,2967.83,115,187.299
732.104,3011.95,115,187.485
727.309,3085.34,115,186.253
726.759,3130.72,115,186.112
726.573,3195.49,115,186.064
726.573,3239.66,115,186.064
716.93,3233.95,115,183.586
717.352,3224.18,115,183.695
717.544,3208.76,115,183.744
709.758,3188.07,115,181.743
720.156,3167.9,115,184.415
709.488,3158.27,115,181.674
710.823,3143.25,115,182.017
710.676,3124.48,115,181.979
708.588,3108.48,115,181.443
709.56,3107.93,115,181.693
704.078,3099.68,115,180.284
704.394,3086.72,115,180.365
700.613,3071.59,115,179.394
698.136,3056.58,115,178.757
703.242,3052.9,115,180.069
700.27,3037.77,115,179.305
690.252,1885.65,115,176.731
687.61,1794.13,115,176.053
690.431,1783.85,115,176.777
683.1,1706.38,115,174.894
681.546,1623.31,115,174.495
675.142,1553.78,115,172.849
673.696,1505.32,115,172.477
673.243,1445.64,115,172.361
665.05,1378.63,115,170.256
664.259,1330.68,115,170.053
660.556,1312.6,115,169.101
660.816,1286.59,115,169.168
657.456,1263.66,115,168.305
650.502,1213.48,115,166.518
648.997,1185.46,115,166.131
649.056,1158.7,116.678,164.725
640.781,1130.21,121.051,159.088
636.546,1103.74,125.191,154.787
636.076,1080.65,128.751,151.845
626.622,1036.1,136.14,144.24
626.902,1045.87,134.587,145.478
623.38,1015.23,139.641,141.009
613.39,1022.25,139.183,139.593
613.39,1009.71,141.225,138.125
612.713,985.962,145.142,135.201
610.31,977.343,146.75,133.676
604.623,971.702,148.172,131.799
594.143,960.481,151.008,128.283
590.655,973.06,149.163,128.95
590.422,967.647,150.117,128.294
581.17,975.413,149.574,127.168
580.438,982.506,148.382,127.79
569.97,977.242,150.206,124.95
560.964,964.591,153.32,121.668
557.063,964.995,153.599,120.878
557.063,974.304,151.857,121.854
551.678,960.038,155.026,119.215
543.925,982.288,151.454,119.84
544.335,972.469,153.313,118.925
538.375,990.809,150.248,119.496
515.087,1007.27,148.706,115.982
501.629,1020.87,146.792,114.26
494.42,1016.42,148.225,112.227
510.737,1034.53,143.344,117.615
508.621,1033.25,143.739,117.011
502.471,1034.39,143.872,115.716
502.471,1022.03,146.49,114.558
497.111,1038.59,143.293,114.883
492.646,1051.42,140.775,115.037
486.113,1051.39,141.125,113.521
489.063,1057,139.746,114.715
486.452,1044.58,142.601,112.983
479.001,1058.02,140.024,112.462
478.585,1050.43,141.735,111.691
478.825,1069.04,137.578,113.4
471.961,1082.34,134.879,112.948
471.575,1096.54,131.679,114.098
468.492,1092.57,132.684,113.01
463.65,1107.55,129.403,113.132
463.686,1114.29,127.851,113.72
461.04,1122.73,125.963,113.792
461.304,1096.94,131.921,111.654
451.892,1078.8,136.491,107.872
452.975,2236.14,115,115.764
450.2,2220.2,115,115.051
443.496,2210.25,115,115
441.462,2199.15,115,115
445.833,2189.37,115,115
444.552,2177.26,115,115
441.468,2156.49,115,115
438.726,2150.18,115,115
438.726,2138.06,115,115
439.474,2138.6,115,115
431.862,2124.91,115,115
432.365,2118.29,115,115
428.405,2104.75,115,115
423.356,2087.28,115,115
428.725,2081.3,115,115
428.56,2067.43,115,115
424.862,2052.07,115,115
415.787,2043.31,115,115
415.433,2033.29,115,115
419.165,2020.83,115,115
417.247,2009.76,115,115
413.31,1993.9,115,115
408.929,1983.39,115,115
409.561,1967.31,115,115
397.104,1954.24,116.34,115
397.104,1942.15,116.34,115
406.018,1940.66,115,115
401.006,1929.25,115,115
398.121,1917.09,115.869,115
396.029,1917.81,116.837,115
400.173,1903.28,115,115
395.414,1901.28,117.121,115
394.886,1885.39,117.365,115
394.415,1876.25,117.583,115
387.183,1835.69,120.928,115
383.054,1825.32,122.838,115
380.94,1817.45,123.815,115
380.276,1806.99,124.122,115
378.326,1794.95,125.024,115
381.315,1777.18,123.642,115
376.184,1768.04,126.015,115
372.757,1737.17,127.6,115
372.807,1728.16,127.577,115
367.862,1719.85,129.864,115
367.507,1701.29,130.028,115
365.286,1695.28,131.055,115
360.291,1679.23,133.365,115
356.652,1675.06,135.049,115
353.521,1656.37,136.496,115
359.318,1644.43,133.816,115
352.847,1620.55,136.808,115
350.878,1607.52,137.719,115
353.931,1596.96,136.307,115
350.972,1573.73,137.675,115
348.126,1568.91,138.992,115
348.792,1550.83,138.684,115
345.04,1537.95,140.419,115
345.04,1524.93,140.419,115
340.606,1518.05,142.47,115
339.569,1505.02,142.95,115
339.962,1510.21,142.768,115
346.805,1502.33,139.603,115
346.933,1485.53,139.543,115
345.594,1474.53,140.163,115
345.307,1455.43,140.295,115
343.667,1444.59,141.054,115
339.167,1431.04,143.135,115
337.834,1421.16,143.752,115
340.581,1409.71,142.481,115
336.031,1390.85,144.586,115
334.39,1377.83,145.345,115
340.872,1360.02,142.347,115
341.403,1346.16,142.101,115
344.012,1333.81,140.894,115
332.377,1319.37,146.276,115
341.438,1302.37,142.085,115
346.311,1291.73,139.831,115
346.311,1278.73,139.831,115
342.374,1275.49,141.652,115
4870.22,1267.64,115,300
4866.07,1255.65,115,300
4860.5,1254.53,115,300
4853.56,1234.55,115,300
4847.77,1220.17,115,300
4869.19,1198.92,115,300
4369.96,1180.24,115,300
4368.92,1159.15,114.096,297.428
1173.75,1138.39,112.369,292.511
1173.07,1118.23,110.693,287.741
907.905,1097.53,117.411,219.556
768.383,1102.32,121.446,186.585
676.171,1252.34,115,173.113
583.997,1232.29,115,149.43
578.501,1212.74,115,148.018
592.608,1211.69,115,151.642
612.923,1200.64,115,156.862
612.61,1186.56,115,156.782
628.573,1169.93,115.011,160.875
628.225,1172.51,115,160.794
658.998,1168.39,115.232,168.495
667.529,1161.6,116.179,169.802
690.256,1146.29,118.085,173.542
689.562,1141.41,118.728,172.712
705.222,1133.04,119.562,175.488
708.825,1116.68,121.492,174.124
717.757,1117.77,121.152,176.47
727.827,1113.24,121.431,178.301
712.188,1109.46,122.279,173.948
725.14,1101.25,122.868,175.946
725.23,1098.64,123.163,175.599
726.289,1099.72,123.007,176.008
732.966,1093.44,123.494,176.724
731.663,1080.51,124.976,174.565
737.83,1086,124.136,176.822
734.477,1083.94,124.487,175.727
734.514,1087.14,124.134,176.194
740.333,1079.12,124.78,176.427
743.03,1097.26,122.746,179.701
742.232,1084.27,124.156,177.624
738.38,1083.71,124.363,176.624
737.365,1084.37,124.33,176.478
742.662,1086.92,123.857,178.112
738.19,1099.91,122.614,178.915
738.738,1100.17,122.569,179.085
746.551,1118.57,120.4,183.664
746.971,1116.61,120.595,183.482
746.813,1126.57,119.556,184.9
748.07,1124.74,119.722,184.943
754.776,1132.19,118.833,187.705
742.21,1139.65,118.248,185.661
754.595,1131.74,118.882,187.593
755.605,1139.33,118.098,188.97
758.46,1161.09,115.889,192.928
753.314,1165.27,115.484,192.234
745.878,1179.97,115,191.024
750.889,1203.48,115,192.312
750.061,1233.94,115,192.099
750.061,1255.22,115,192.099
747.52,1302.27,115,191.446
750.196,1347.01,115,192.134
737.436,1348.45,115,188.855
749.975,1387.11,115,192.077
733.51,1444.72,115,187.846
734.519,1494.29,115,188.106
732.455,1559.84,115,187.575
732.455,1584.97,115,187.575
742.777,1547.96,115,190.227
739.814,1658.09,115,189.466
735.095,1720.91,115,188.254
731.513,1717.43,115,187.333
737.9,1763.46,115,188.974
735.106,4011.91,115,188.256
728.661,3995.94,115,186.6
735.9,3977.76,115,188.46
736.014,3869.55,115,188.49
735.732,3724,115,188.417
732.207,3698.82,115,187.511
726.198,3679.1,115,185.967
727.01,3671.5,115,186.176
724.238,3652.72,115,185.464
725.335,3634.05,115,185.746
718.582,3622,115,184.011
720.052,3603.01,115,184.388
726.626,3587.5,115,186.077
717.182,3569.46,115,183.651
717.046,3467.5,115,183.616
718.172,3337.45,115,183.905
716.916,3313.27,115,183.583
710.292,3280.55,115,181.881
710.748,3280.44,115,181.998
708.413,3266.45,115,181.398
698.062,3243.8,115,178.738
698.062,1582.15,115,178.738
699.158,1583.65,115,179.02
695.234,1513.69,115,178.011
688.793,1435.45,115,176.357
687.068,1347.88,115,175.913
678.477,1303.37,115,173.706
679.878,1252.34,115,174.066
671.828,1217.05,115,171.998
666.939,1202.29,115,170.741
669.413,1161.95,116.123,170.329
670.068,1155.91,116.96,169.71
659.341,1113.21,123.163,161.529
655.147,1080.14,128.069,156.317
658.587,1059.42,130.903,154.502
649.461,1036.86,134.673,149.552
644.234,1023.24,137.016,146.672
639.494,989.146,142.48,141.425
629.595,1001.97,141.278,140.805
627.369,969.817,146.471,136.46
625.082,960.909,148.074,134.908
617.64,953.084,150.017,132.406
590.842,941.894,154.512,125.503
590.842,953.291,152.551,126.777
586.841,922.97,158.2,122.57
581.547,940.039,155.775,123.361
572.093,935.097,157.626,120.86
565.649,944.005,156.665,120.473
562.137,951.031,155.719,120.483
553.672,958.923,155.051,119.522
551.211,974.901,152.25,120.655
547.882,983.978,150.802,120.873
537.565,992.556,149.97,119.495
538.145,988.495,150.72,119.212
538.145,987.803,150.855,119.142
529.141,996.816,149.781,118.07
522.632,994.604,150.728,116.421
515.886,993.314,151.517,114.815
516.516,1010.72,147.894,116.633
505.973,1005.31,149.775,113.77
497.671,1000.01,151.512,111.437
502.867,1022.17,146.433,114.661
495.991,1023.72,146.552,113.253
497.127,1035.89,143.872,114.636
487.115,1057.4,139.756,114.298
482.615,2635.88,115,123.38
483.841,2624.97,115,123.695
486.783,2617.02,115,124.451
479.006,2600.97,115,122.453
477.18,2589.73,115,121.984
470.135,2573.42,115,120.173
464.96,2565.86,115,118.844
470.418,2553.04,115,120.246
467.982,2541.79,115,119.62
463.834,2545.52,115,118.555
462.692,2532.86,115,118.261
462.262,2510.48,115,118.151
460.507,2510,115,117.7
455.092,2492.77,115,116.308
453.121,2482.09,115,115.802
452.942,2465.42,115,115.756
443.745,2456.2,115,115
443.745,2444.53,115,115
442.449,2445.62,115,115
443.623,2433.65,115,115
434.958,2420.61,115,115
433.215,2408.45,115,115
433.215,2396.79,115,115
432.103,2391.76,115,115
429.478,2385.21,115,115
425.339,2371.07,115,115
420.595,2355.73,115,115
417.296,2346.95,115,115
414.507,2335.48,115,115
415.687,2324.97,115,115
410.91,2307.99,115,115
409.417,2302.06,115,115
408.119,2282.84,115,115
401.509,2274.08,115,115
396.986,2263.57,116.394,115
398.144,2256.96,115.859,115
392.296,2240.48,118.563,115
394.473,2231.51,117.556,115
386.957,2215.48,121.032,115
385.195,2203.37,121.847,115
384.78,2195.83,122.039,115
378.01,2182.94,125.17,115
375.135,2172.86,126.5,115
369.584,2158.97,129.067,115
368.802,2144.91,129.429,115
371.552,2131.11,128.157,115
364.247,2121.14,131.536,115
361.837,2114.69,132.651,115
360.526,2098.27,133.257,115
353.483,2084.54,136.514,115
351.525,2076.93,137.42,115
349.384,2058.09,138.41,115
351.729,2050.26,137.325,115
349.653,2037.34,138.286,115
341.61,2021.95,142.005,115
342.938,2017.01,141.391,115
334.594,1997.66,145.25,115
334.547,1992.59,145.272,115
331.358,1970.52,146.747,115
333.599,1969.38,145.711,115
329.188,1953.01,147.751,115
324.336,1944.77,149.995,115
324.233,1938.87,150.042,115
326.92,1933.89,148.799,115
326.92,1922.22,148.799,115
316.692,1921.35,153.53,115
311.255,2035.54,156.045,115
309.597,2022.86,156.811,115
314.02,2079.74,154.766,115
313.12,2071.35,155.182,115
313.12,2058.06,155.182,115
283.149,2051.68,169.044,115
283.149,2037.54,169.044,115
278.676,2037.54,171.113,115
285.478,2026.42,167.966,115
285.478,2012.28,167.966,115
313.016,2015.26,155.23,115
302.554,1978.04,160.069,115
1092.84,1963.68,115,280.174
3777.04,1951.44,115,300
3762.81,1935.29,115,300
3758.9,1923.44,115,300
3757.9,1898.2,115,300
4291.43,1885.21,115,300
1945.56,1854,115,300
1307.88,1843.08,115,300
1050.01,1615.39,115,269.17
809.511,1589.64,115,207.374
808.596,1569.84,115,207.139
678.79,1534.76,115,173.786
678.8,1519.68,115,173.789
654.085,1508.96,115,167.438
639.5,1493.88,115,163.691
666.841,1482.34,115,170.716
666.841,1468.45,115,170.716
679.549,1477.38,115,173.981
685.098,1461.63,115,175.407
713.715,1428.08,115,182.76
716.586,1411.1,115,183.498
721.819,1398.06,115,184.842
721.363,1382.27,115,184.725
719.897,1390.21,115,184.349
719.183,1375.26,115,184.165
722.763,1373.85,115,185.085
729.984,1355.45,115,186.94
727.717,1337.42,115,186.358
726.82,1325.97,115,186.127
727.196,1311.06,115,186.224
732.449,1285.41,115,187.574
732.894,1267.61,115,187.688
740.856,1252.62,115,189.734
746.077,1236.58,115,191.075
734.517,1234.18,115,188.105
734.517,1230.79,115,188.105
739.563,1228.56,115,189.402
746.043,1238.98,115,191.067
736.936,1740.69,115,188.727
743.577,1743.68,115,190.433
745.031,1761.01,115,190.807
731.905,1751.71,115,187.434
741.173,1756.4,115,189.815
749.794,1775.63,115,192.03
748.744,2092.93,115,191.761
748.37,2078.62,115,191.665
747.381,2063.08,115,191.41
747.197,2069.39,115,191.363
740.487,2061.85,115,189.639
738.926,2060.25,115,189.238
730.629,2070.12,115,187.106
727.808,2099.48,115,186.381
735.597,2187.88,115,188.383
730.858,2172.12,115,187.165
733.294,2131.55,115,187.791
733.544,2123.58,115,187.855
733.92,2125.9,115,187.952
736.186,2108.64,115,188.534
733.697,2101.2,115,187.894
733.643,2117.26,115,187.88
731.084,2116.35,115,187.223
730.757,2125.33,115,187.139
730.395,2143.62,115,187.046
730.395,2967.85,115,187.046
730.235,2983.27,115,187.005
734.794,3010.95,115,188.176
735.026,2999.25,115,188.236
737.968,2992.02,115,188.992
726.759,2975.79,115,186.112
730.87,2957.41,115,187.168
736.313,2940.36,115,188.567
731.587,2927.49,115,187.352
716.672,2910.5,115,183.52
720.274,2900.6,115,184.445
720.274,2885.64,115,184.445
721.325,2884.77,115,184.715
710.797,2867.78,115,182.01
713.022,2853.32,115,182.582
720.703,2838.66,115,184.556
719.401,2829.55,115,184.221
718.808,2815.01,115,184.069
718.669,2799.12,115,184.033
718.644,2825.14,115,184.026
710.543,3337.39,115,181.945
709.868,3370.82,115,181.772
710.262,3391.32,115,181.873
701.556,3404.37,115,179.636
701.649,3389.12,115,179.66
699.781,3378.5,115,179.18
701.47,1560.14,115,179.614
699.71,1491.82,115,179.162
701.47,1478.33,115,179.614
691.589,1385.48,115,177.075
690.706,1372.72,115,176.848
687.465,1322.17,115,176.015
678.388,1278.76,115,173.683
688.021,1234.4,115,176.158
678.761,1190.59,115,173.779
669.533,1160.1,116.381,170.118
668.157,1125.68,121.198,165.304
668.812,1082.84,127.148,159.916
660.891,1071.57,129.06,156.589
658.769,1017.95,136.826,149.283
651.809,995.805,140.524,144.948
650.602,962.13,145.536,140.485
615.278,936.125,152.978,129.925
611.233,927.458,154.808,128.081
601.695,921.162,156.882,125.403
602.448,929.62,155.389,126.522
599.598,934.443,154.881,126.482
593.401,938.559,154.824,125.662
578.114,956.759,153.154,124.471
572.651,942.811,156.181,121.808
570.726,936.972,157.429,120.778
566.719,936.685,157.894,119.916
558.841,952.802,155.708,119.975
555.455,967.451,153.284,120.791
546.392,970.128,153.582,119.127
543.063,979.355,152.093,119.353
534.491,987.338,151.241,118.298
531.131,1010.97,146.813,119.918
522.215,1022.91,145.017,119.096
520.967,1028.18,144.024,119.329
517.408,1024.05,145.097,118.122
518.566,1040.69,141.611,120
515.007,1035.36,142.918,118.669
512.361,1022.96,145.648,116.878
503.469,2799.86,115,128.739
503.207,2791.16,115,128.671
499.212,2780.85,115,127.645
496.248,2759,115,126.883
494.409,2759.53,115,126.411
493.988,2750.25,115,126.302
488.25,2723.31,115,124.828
477.607,2719.63,115,122.093
483.811,2718.9,115,123.688
479.037,2710.11,115,122.461
478.269,2692.63,115,122.263
471.194,2687.05,115,120.446
470.226,2666.18,115,120.197
467.175,2639.11,115,119.413
457.503,2628.32,115,116.928
458.544,2616.06,115,117.195
451.823,2612.41,115,115.468
451.637,2595.84,115,115.421
448.015,2565.32,115,115
443.646,2563.82,115,115
442.15,2546.46,115,115
437.736,2524.73,115,115
436.137,2512.62,115,115
435.314,2516.54,115,115
435.475,2518.98,115,115
431.646,2508.62,115,115
425.957,2501.81,115,115
427.971,2494.79,115,115
420.323,2475.62,115,115
415.36,2470.61,115,115
413.159,2458.54,115,115
419.378,2437.12,115,115
413.717,2432.46,115,115
413.717,2421.28,115,115
401.216,2412.77,115,115
406.675,2398.46,115,115
397.42,2399.42,116.193,115
400.29,2381.84,115,115
398.264,2363.03,115.803,115
391.64,2354.17,118.867,115
391.48,2336.11,118.941,115
386.64,2326.85,121.179,115
386.974,2311.06,121.025,115
379.09,2311.4,124.671,115
380.208,2301.02,124.154,115
378.146,2284.7,125.107,115
368.206,2235.62,129.705,115
366.545,2233.05,130.473,115
360.607,2233.05,133.219,115
362.216,2210.68,132.475,115
355.73,2200.86,135.475,115
356.398,2186.07,135.166,115
349.793,2164.81,138.221,115
344.026,2159.96,140.888,115
339.388,2140.8,143.033,115
336.358,2264.03,144.435,115
333.49,2286.68,145.761,115
328.584,2273.67,148.03,115
328.544,2219.95,148.049,115
333.202,2252.81,145.894,115
323.841,2416.19,150.223,115
323.312,2488.18,150.468,115
322.986,2467.56,150.619,115
315.624,2445.34,154.024,115
312.826,2433.53,155.318,115
310.489,2417.44,156.399,115
306.927,2395.66,158.046,115
301.649,2368.29,160.487,115
300.163,2340.5,161.175,115
297.949,2307.87,162.198,115
302.119,2311.74,160.27,115
287.413,2285.35,167.071,115
300.556,2264.88,160.993,115
294.536,2240.21,163.777,115
354.246,2220.25,136.161,115
574.967,2203.09,115,147.11
839.47,2167.37,115,215.072
833.545,2151.73,115,213.55
832.293,2148.82,115,213.228
830.615,2164.96,115,212.797
826.913,2177.4,115,211.846
825.544,2171.44,115,211.494
811.501,2189.79,115,207.886
812.399,2211.44,115,208.116
812.852,2213.5,115,208.233
808.499,2231.84,115,207.114
809.91,1861.08,115,207.477
802.485,1822.02,115,205.569
802.626,1710.78,115,205.605
799.078,1702.6,115,204.694
773.676,1721.44,115,198.167
781.934,1656.3,115,200.288
767.221,1679.08,115,196.508
767.983,1620.61,115,196.704
754.978,1686.87,115,193.362
754.806,1671.39,115,193.318
741.015,1530.39,115,189.775
739.389,1514.58,115,189.357
745.097,1539.04,115,190.824
742.59,1498.58,115,190.179
738.483,1497.71,115,189.124
741.557,1480.75,115,189.914
735.435,1452.51,115,188.341
725.589,1430.37,115,185.811
725.051,1410.16,115,185.673
716.845,1375.59,115,183.564
714.897,1378.07,115,183.064
713.003,1376.54,115,182.577
703.435,1355.87,115,180.119
697.669,1332.97,115,178.637
694.098,1325.57,115,177.72
690.673,1307.55,115,176.84
685.644,1292.75,115,175.547
674.751,1273.29,115,172.749
674.348,1265.25,115,172.645
669.269,1258.85,115,171.34
664.051,1233.02,115,169.999
653.31,1221.39,115,167.239
647.738,1190.98,115,165.808
643.377,1183.55,115,164.687
640.078,1182.93,115,163.84
642.905,1168.9,115.166,164.429
626.524,1152.15,117.829,158.197
627.919,1114.63,123.731,154.008
622.379,1124.64,122.267,153.849
615.682,1097.62,126.801,148.997
611.62,1094.7,127.413,147.673
604.266,1073.61,131.192,143.463
601.587,1064.52,132.839,141.784
597.508,1050.7,135.384,139.252
595.715,1041.74,137.011,137.819
592.996,1022.76,140.43,135.051
585.118,1001.95,144.591,130.962
581.247,987.687,147.4,128.536
579.593,972.259,150.269,126.482
579.173,961.694,152.18,125.235
579.497,947.686,154.63,123.771
576.164,931.679,157.813,121.332
574.669,915.748,160.82,119.298
574.669,901.371,163.389,117.744
577.502,908.401,161.806,119.075
580.683,890.847,164.527,117.796
579.344,873.939,167.673,115.689
588.244,854.882,169.794,115.308
609.699,837.887,169.579,117.436
622.485,824.287,169.843,118.224
806.667,810.688,142.852,149.97
857.733,817.025,134.432,160.271
1030.66,790.758,107.017,186.486
1026.15,769.209,107.364,181.348
1049.77,774.482,103.357,186.506
1052.54,738.811,101.797,179.618
1043.32,740.722,103.593,178.478
1048.24,724.883,102.216,176.044
1036.3,719.578,104.425,173.021
1030.63,701.728,105.177,168.506
1014.97,690.46,108.236,163.796
1008.04,672.631,109.499,159.213
1004.74,668.189,110.177,157.841
999.007,649.72,111.308,153.386
991.89,642.289,112.9,150.905
987.802,635.867,113.831,149.077
991.195,609.597,112.943,144.519
990.822,597.057,112.991,142.061
990.686,625.997,113.123,147.597
995.95,622.507,111.85,147.674
1002.61,638.3,110.389,151.694
1003.06,611.7,110.053,146.581
1008.28,610.63,108.766,147.102
1013.37,607.227,107.477,147.143
996.199,816.375,112.914,185.396
1007.16,610.677,109.042,146.954
1007.16,597.548,108.904,144.391
1006.7,1098.93,114.245,243.698
996.967,1097,114.541,240.959
989.471,1095.95,114.781,238.943
994.894,1069.32,114.46,234.96
989.845,2009.23,115,253.71
987.661,1703.01,115,253.149
986.174,1685.43,115,252.767
977.267,2050.84,115,250.478
975.847,2068.47,115,250.113
975.43,2671.96,115,250.006
975.152,2663.88,115,249.935
968.374,2635.35,115,248.193
966.365,2620.4,115,247.677
795.043,2638.73,115,203.657
795.043,2658.95,115,203.657
746.664,2660.17,115,191.226
741.233,2686.7,115,189.831
735.418,2699.93,115,188.337
734.777,2702.91,115,188.172
725.88,2713.09,115,185.886
743.49,2733.12,115,190.411
735.662,2746.36,115,188.399
735.512,2757.36,115,188.361
735.271,2776.05,115,188.299
734.216,2791.5,115,188.028
735.537,2812.95,115,188.367
734.707,2842.47,115,188.154
736.881,2862.12,115,188.712
735.878,2895.38,115,188.455
736.59,2921.83,115,188.638
736.875,2962.16,115,188.711
748.794,3001.47,115,191.773
750.613,3004.39,115,192.241
751.817,1208.01,115,192.55
749.556,1181.11,115,191.969
737.206,1142.18,118.039,184.773
741.782,1111.86,121.226,181.518
745.686,1091.3,123.286,179.473
745.14,1073.69,125.158,176.779
742.623,1044.54,128.36,171.961
743.029,1012.9,131.684,167.479
743.276,980.457,135.088,162.85
742.551,963.974,136.89,160.319
745.745,949.547,138.1,158.914
759.276,930.011,138.697,158.882
760.64,917.053,139.814,157.253
773.263,897.794,140.171,156.933
779.801,883.296,140.673,156.046
792.823,884.262,138.945,158.75
787.931,863.395,141.338,154.604
781.755,852.325,143.144,151.744
764.602,825.505,148.096,144.536
760.431,815.278,149.719,142.271
756.265,806.623,151.222,140.254
743.961,786.111,155.319,135.11
722.93,791.685,158.24,132.181
711.214,782.257,161.302,128.826
705.864,768.385,163.882,126.022
689.958,757.285,168.099,121.827
672.877,752.572,171.83,118.324
661.159,738.61,175.924,114.599
646.654,736.142,179.031,111.89
642.128,732.89,180.373,110.747
628.005,734.825,182.786,108.647
615.856,720.235,187.424,104.955
618.221,722.199,186.648,105.566
600.302,725.716,189.587,103.047
586.559,2960.04,115,150.088
583.782,729.626,192.133,100.774
576.728,2853.26,115,147.562
570.12,2822.28,115,145.864
552.329,2733.29,115,141.293
552.423,2717.75,115,141.317
540.519,2708.4,115,138.258
527.542,2696.89,115,134.924
533.842,2730.12,115,136.543
532.636,2758.38,115,136.233
518.018,2745.85,115,132.477
519.687,2747.02,115,132.906
510.558,2758.41,115,130.56
500.291,2758.83,115,127.922
490.755,2746.23,115,125.472
490.531,2760.21,115,125.414
486.215,2733.72,115,124.305
472.753,2770.95,115,120.846
462.759,2711.52,115,118.278
471.425,2713.47,115,120.505
459.599,2705.21,115,117.466
455.8,2695.15,115,116.49
445.093,2688.77,115,115
434.805,2677.15,115,115
427.248,2669.22,115,115
414.785,2660.85,115,115
410.25,2649.23,115,115
410.748,2683.67,115,115
404.61,2670.69,115,115
391.921,2624.45,118.736,115
384.562,2613.71,122.14,115
376.176,2604.36,126.019,115
367.486,2596.25,130.038,115
367.053,2586.94,130.238,115
356.912,2579.48,134.928,115
353.783,2570.09,136.375,115
338.619,2560.51,143.389,115
331.922,2551.09,146.486,115
330.808,2528.36,147.002,115
309.478,2496.5,156.866,115
308.012,2478.85,157.545,115
297.665,2448.07,162.33,115
294.987,2393.64,163.568,115
285.469,2373.86,167.97,115
279.668,2326.8,170.653,115
269.011,2329.92,175.582,115
259.418,2302.21,180.019,115
249.875,2227.5,184.433,115
246.655,2198.81,185.922,115
224.14,2157.4,196.335,115
226.454,2111.93,195.265,115
218.474,2082.18,198.956,115
213.921,2035.49,201.062,115
267.878,1985.91,176.107,115
327.11,1971.27,148.712,115
384.377,1930.65,122.226,115
450.536,1902.81,115,115.138
486.927,1890.71,115,124.488
503.887,1872.91,115,128.846
551.55,1863.35,115,141.093
589.401,1855.72,115,150.818
641.218,1869.7,115,164.132
677.961,1853.73,115,173.573
697.822,1842.99,115,178.677
757.869,1860.78,115,194.105
753.874,1874.36,115,193.079
758.145,1871.33,115,194.176
763.899,1894.22,115,195.655
741.494,1915.24,115,189.898
748.31,1936.46,115,191.649
748.933,1938.59,115,191.809
749.206,1966.15,115,191.879
748.436,2007.63,115,191.682
736.388,2019.84,115,188.586
731.615,2068.15,115,187.359
731.072,2105.19,115,187.22
722.202,2107.92,115,184.941
720.331,2164.61,115,184.46
724.08,2194.87,115,185.423
739.145,2217.59,115,189.294
736.666,2234.42,115,188.657
721.665,2235.88,115,184.803
736.322,2227.6,115,188.569
747.951,2221.22,115,191.557
746.808,2216.41,115,191.263
742.276,2219.44,115,190.099
738.174,2228.8,115,189.045
737.904,2220.16,115,188.975
728.656,2221.25,115,186.599
728.702,2225.48,115,186.611
747.956,2226.73,115,191.558
749.319,2235.62,115,191.908
738.164,2238.28,115,189.042
738.164,2258.41,115,189.042
737.55,2236.96,115,188.884
739.695,2289.61,115,189.436
740.187,2290.21,115,189.562
738.236,2308.6,115,189.061
748.433,2319.42,115,191.681
748.976,2336.23,115,191.82
745.845,2330.77,115,191.016
735.899,2381.68,115,188.46
736.464,2389.3,115,188.605
736.583,2410.57,115,188.636
745.961,2440.65,115,191.046
745.218,2457,115,190.855
745.45,2492.75,115,190.914
738.982,2526.72,115,189.252
731.607,2557.55,115,187.357
739.715,2614.4,115,189.441
735.07,2645.03,115,188.247
732.063,2680.39,115,187.475
737.763,2733.23,115,188.939
734.97,2784.68,115,188.221
729.019,2832.29,115,186.692
736.288,2823.91,115,188.56
732.893,2884.3,115,187.688
739.935,2941.45,115,189.497
730.471,3008.49,115,187.065
735.109,3115.52,115,188.257
733.745,3334.95,115,187.907
725.604,3614.87,115,185.815
721.157,3670.4,115,184.672
720.135,3873.63,115,184.41
724.99,3468.72,115,185.657
728.386,3257.9,115,186.53
721.917,3077.33,115,184.868
721.359,3055.95,115,184.724
719.519,3042.04,115,184.251
719.005,3031.32,115,184.119
715.344,3011.99,115,183.179
713.489,2993.54,115,182.702
709.031,2981.23,115,181.557
713.42,2964.81,115,182.684
713.242,2947.56,115,182.638
713.028,2926.31,115,182.584
704.692,2920.38,115,180.442
703.943,2905.23,115,180.249
700.359,2888.97,115,179.328
700.657,2873,115,179.405
698.415,1556.06,115,178.829
699.048,1494.92,115,178.991
683.63,1437.1,115,175.03
682.833,1382.04,115,174.825
683.597,1325.24,115,175.022
674.031,1270.08,115,172.564
671.97,1228.66,115,172.034
668.354,1190.59,115,171.105
665.02,1174.47,115,170.248
655.349,617.521,194.132,98.7045
658.384,542.314,203.86,89.87
655.677,535.909,205.498,88.7471
646.984,753.957,176.376,114.119
617.721,1067.7,131.571,145.943
616.51,1096.43,126.968,149.056
608.103,1109.88,125.009,148.596
601.258,1100.94,126.704,145.895
604.686,1093.13,127.908,145.821
592.248,1082.58,130.156,141.636
588.52,1072.67,132.031,139.634
588.87,1046.2,136.624,136.747
583.84,1030.61,139.646,133.857
579.497,991.697,146.829,128.594
574.481,995.228,146.591,127.879
562.466,996.197,147.341,125.341
556.678,1002.35,146.632,124.713
553.417,1011.34,145.173,124.929
545.89,1016.77,144.657,123.807
541.894,1004.5,147.312,121.66
504.42,1024.64,145.812,115.243
301.65,1029.97,185.421,103.383
277.921,1038.46,193.047,104.085
251.061,1036.21,203.716,103.899
241.599,1067.37,202.915,106.475
227.88,2358.67,194.606,115
210.759,2349.69,202.524,115
193.741,2335.41,210.395,115
186.759,2317.16,213.624,115
187.349,2295.96,213.351,115
183.51,2281.74,215.127,115
196.51,2255.05,209.114,115
210.754,2237.16,202.526,115
274.972,2197.02,172.825,115
506.816,2180.48,115,129.598
502.067,2296.05,115,128.378
510.852,2623.96,115,130.636
510.44,2612.25,115,130.53
506.724,2797.5,115,129.575
508.032,2686.23,115,129.911
515.838,2559.74,115,131.917
515.702,2488.26,115,131.882
516.815,2526.57,115,132.168
519.229,2559.26,115,132.788
521.763,2422.04,115,133.439
514.204,2329.29,115,131.497
523.256,2339.66,115,133.823
514.476,2265.16,115,131.567
515.376,2203.23,115,131.798
515.599,2135.18,115,131.855
514.489,2122.45,115,131.57
515.009,2062.89,115,131.704
517.707,2019.87,115,132.397
523.35,1962.89,115,133.847
524.409,1943.05,115,134.119
513.996,1934.03,115,131.443
519.894,1921.09,115,132.959
517.014,1913.7,115,132.219
517.994,1901.17,115,132.471
518.481,1891.42,115,132.596
518.161,1863.28,115,132.513
512.552,1855.88,115,131.072
513.314,1844.47,115,131.268
514.572,1835.27,115,131.591
509.739,1816.2,115,130.35
510.477,1805.72,115,130.539
510.992,1788.85,115,130.672
509.497,1777.23,115,130.288
515.215,1769.35,115,131.757
514.69,1752.58,115,131.622
509.834,1745.55,115,130.374
511.76,1735.12,115,130.869
510.449,1722.64,115,130.532
512.597,1702.53,115,131.084
509.749,1700.66,115,130.352
509.749,1689.1,115,130.352
507.834,1684.45,115,129.86
508.051,1668.99,115,129.916
502.885,1664.39,115,128.588
502.555,1651.44,115,128.504
507.987,1624.46,115,129.899
501.941,1624.23,115,128.346
503.203,1612.38,115,128.67
502.677,1600.8,115,128.535
499.253,1584.55,115,127.655
498.567,1584.22,115,127.479
499.924,1568.25,115,127.828
500.392,1555.56,115,127.948
499.225,1550.97,115,127.648
499.225,1540.13,115,127.648
495.433,1536.24,115,126.674
492.168,1516.05,115,125.835
495.221,1516.3,115,126.619
495.005,1508.82,115,126.564
496.822,1455.01,115,127.031
700.885,1437.7,115,179.463
1117.31,1435.38,115,286.462
1116.21,1434.01,115,286.178
1113.7,1412.93,115,285.533
1110.41,1395.26,115,284.687
1102.83,1365.99,115,282.741
975.935,1350.82,115,250.136
801.87,1337.06,115,205.411
737.034,1315.07,115,188.752
667.025,1300.76,115,170.763
618.055,1284.74,115,158.181
620.042,1274.16,115,158.691
620.022,1260.24,115,158.686
625.149,1264.44,115,160.003
641.366,1246.55,115,164.17
666.703,1240.51,115,170.681
682.828,1211.23,115,174.824
699.997,1198.44,115,179.235
699.135,1162.43,115.956,177.98
698.66,1147.96,117.786,175.886
716.945,1144,118.074,179.944
721.853,1124.16,120.317,178.378
724.297,1114.78,121.343,177.655
722.664,1111.53,121.758,176.796
730.246,1110.8,121.643,178.546
740.035,1095.37,123.046,178.704
727.416,1100.57,122.876,176.4
737.69,1089.3,123.782,177.265
735.982,1086.38,124.163,176.436
735.471,1080.84,124.788,175.519
741.978,1074.11,125.248,176.092
738.539,1070.95,125.737,174.822
752.333,1079.68,124.24,179.359
749.108,1066.64,125.717,176.686
751.787,1064.82,125.78,177.047
751.256,1067.81,125.498,177.362
756.066,1065.98,125.464,178.222
753.144,1053.4,126.876,175.686
754.337,1066.22,125.52,177.852
755.573,1070.06,125.077,178.709
752.269,1070.85,125.143,178.046
761.343,1079.5,123.896,181.475
751.367,1088.05,123.421,180.359
759.798,1093.28,122.598,183.156
754.09,1087.43,123.384,180.92
758.655,1093.02,122.662,182.844
759.097,1093.98,122.552,183.092
756.109,1100.91,121.957,183.399
766.871,1108.5,120.9,187.147
762.568,1122.45,119.654,188.186
762.568,1135.28,118.4,190.106
761.784,1135.28,118.412,189.911
758.193,1138.85,118.112,189.545
762.392,1156.62,116.312,193.261
765.343,1168.97,115.1,195.87
760.013,1188.76,115,194.656
769.075,1217.67,115,196.984
759.583,1227.93,115,194.546
762.768,1266.59,115,195.364
752.296,1303.49,115,192.673
749.717,1384.47,115,192.011
755.097,1432.38,115,193.393
747.251,1482.02,115,191.377
748.113,1558.01,115,191.598
751.387,1621.82,115,192.44
746.271,1645.84,115,191.125
747.085,1743.81,115,191.334
749.321,1840.23,115,191.909
747.557,4138.79,115,191.456
736.211,3898.74,115,188.54
739.264,3890.22,115,189.325
739.633,3865.66,115,189.419
733.215,3856.17,115,187.771
729.493,3834.88,115,186.814
729.564,3824.77,115,186.832
729.028,3807.58,115,186.695
730.447,3789.53,115,187.059
730.447,3774.6,115,187.059
727.835,3782.34,115,186.388
727.986,3751.56,115,186.427
723.277,3516.91,115,185.217
725.686,3501.73,115,185.836
725.096,3484.4,115,185.684
712.91,3466.01,115,182.553
709.339,3451.86,115,181.636
720.938,1799.3,115,184.616
717.995,1701.44,115,183.86
710.479,1623.64,115,181.929
709.084,1552.61,115,181.57
698.77,1490.52,115,178.92
700.914,1443.06,115,179.471
691.719,1388.79,115,177.108
692.523,1339.64,115,177.315
682.545,1285.35,115,174.751
682.261,1236.24,115,174.678
682.113,1201.53,115,174.64
672.643,1165.04,115.685,171.557
666.092,1137.4,119.592,166.306
672.126,1104.97,123.975,163.586
657.036,1072.99,129.024,155.86
657.278,1026.14,135.751,149.983
652.921,1013.1,137.925,147.361
643.744,998.011,140.817,143.446
437.553,981.646,159.406,99.398
413.854,987.718,157.982,99.8981
360.988,985.9,172.218,99.7484
336.736,969.471,184.043,98.396
318.82,979.119,188.411,99.19
303.133,1000.42,190.118,100.944
290.855,1077.6,181.369,107.322
287.58,1111.31,176.982,110.119
279.987,1160.77,172.038,114.231
277.862,1205.88,171.489,115
274.197,1213.71,173.184,115
276.364,1233.64,172.182,115
281.261,1280.9,169.917,115
291.141,1344.48,165.347,115
293.167,1358.32,164.41,115
306.712,2958.41,158.146,115
328.328,2936.29,148.148,115
369.359,2915.68,129.171,115
544.633,2909.64,115,139.315
544.585,2893.62,115,139.303
549.768,2888.19,115,140.635
544.857,2868.27,115,139.373
542.078,2857.23,115,138.659
535.274,2844.12,115,136.911
532.717,2829.32,115,136.254
526.494,2819.66,115,134.655
527.187,2801.46,115,134.833
524.618,2785.42,115,134.173
520.279,2774.52,115,133.058
516.451,2761.34,115,132.074
509.561,2755.74,115,130.304
513.266,2734.03,115,131.256
512.17,2724.6,115,130.974
512.325,2715.18,115,131.014
512.325,2703.31,115,131.014
506.607,2700.57,115,129.545
499.426,2686.13,115,127.7
503.304,2674.17,115,128.696
497.386,2662.9,115,127.176
496.875,2647.18,115,127.044
492.818,2638.84,115,126.002
489.948,2630.46,115,125.264
488.561,2610.02,115,124.908
490.653,2609.33,115,125.446
481.399,2586.1,115,123.068
478.639,2574.28,115,122.359
477.137,2567.79,115,121.973
477.137,2555.55,115,121.973
474.622,2555.55,115,121.326
475.004,2537.84,115,121.425
465.261,2532.78,115,118.921
473.645,2520.65,115,121.076
463.026,2513.59,115,118.347
462.841,2498.18,115,118.299
460.474,2485.96,115,117.691
461.822,2482.86,115,118.038
462.267,2471.65,115,118.152
454.577,2458.97,115,116.176
452.049,2434.02,115,115.527
443.702,2406.99,115,115
443.702,2394.81,115,115
443.221,2401.49,115,115
440.464,2390.19,115,115
440.59,2380.92,115,115
434.721,2367.02,115,115
427.239,2348.21,115,115
431.355,2341.9,115,115
429.078,2328.65,115,115
433.408,2317.64,115,115
428.366,2309.03,115,115
424.354,2293.1,115,115
420.712,2282.07,115,115
419.245,2274.31,115,115
415.886,2261.08,115,115
415.45,2249.72,115,115
409.074,2239.8,115,115
411.372,2225.81,115,115
408.688,2210.57,115,115
411.892,2205.08,115,115
400.439,2186.24,115,115
397.809,2174.97,116.013,115
398.963,2164.85,115.48,115
395.767,2150.93,116.958,115
393.488,2142.22,118.012,115
384.962,2131.95,121.955,115
389.5,2119.59,119.856,115
384.051,2108.24,122.376,115
377.911,2091.19,125.216,115
380.581,2085.04,123.981,115
378.592,2070.03,124.901,115
375.575,2059.08,126.296,115
375.084,2050.52,126.524,115
373.898,2036.95,127.072,115
368.062,2024.14,129.771,115
365.73,2008.28,130.85,115
362.35,1997.07,132.413,115
358.724,1988.29,134.09,115
357.904,1979.8,134.47,115
345.456,1971.94,140.227,115
355.148,1954.38,135.744,115
350.482,1940.34,137.902,115
349.98,1937.63,138.134,115
348.303,1917.24,138.91,115
346.857,1911.2,139.578,115
344.389,1907.12,140.72,115
340.726,1903.07,142.414,115
337.01,1901.09,144.133,115
335.11,1906.94,145.012,115
330.641,2063.09,147.079,115
337.593,2047.45,143.863,115
333.186,2035.65,145.901,115
334.779,2022.52,145.165,115
319.811,2012.96,152.087,115
317.998,1999.93,152.926,115
323.82,2008.85,150.233,115
335.02,1987.75,145.053,115
326.574,1973.34,148.96,115
334.521,1960.31,145.284,115
334.563,1960.28,145.265,115
390.622,1947.72,119.337,115
609.26,1927.28,115,155.921
969.349,1929.72,115,248.444
1129.38,1910.32,115,289.563
1115.72,1899.52,115,286.053
1140.2,1878.09,115,292.343
1101.55,1686.74,115,282.411
835.52,1631.78,115,214.057
730.886,1604.12,115,187.172
674.406,1579.58,115,172.66
649.857,1548.48,115,166.352
625.547,1534.18,115,160.106
625.505,1519.02,115,160.095
637.798,1514.06,115,163.254
660.972,1508,115,169.208
670.702,1494.94,115,171.708
675.826,1479.84,115,173.025
694.548,1463.87,115,177.835
700.78,1455.73,115,179.437
706.142,1435.19,115,180.814
717.31,1424.75,115,183.684
717.821,1410.42,115,183.815
717.641,1393.43,115,183.769
726.328,1380.64,115,186.001
732.554,1363.49,115,187.601
727.748,1351.45,115,186.366
727.219,1336.59,115,186.23
727.727,1317.98,115,186.36
731.165,1307.86,115,187.244
734.184,1291.46,115,188.019
735.032,1268.78,115,188.237
745.534,1259.01,115,190.936
735.809,1244.37,115,188.437
743.177,1233.01,115,190.33
738.085,1223.69,115,189.022
740.006,1229.69,115,189.515
749.33,1220.1,115,191.911
747.362,1597.33,115,191.405
746.198,1747.54,115,191.106
755.46,1745.69,115,193.486
748.831,1750.14,115,191.783
752.049,1769.66,115,192.61
751.28,2111.36,115,192.412
732.984,2091.08,115,187.711
739.93,2073.48,115,189.496
730.585,2064.68,115,187.095
723.997,2067.23,115,185.402
731.068,2066,115,187.219
729.814,2065.09,115,186.897
737.497,2067.85,115,188.871
733.222,2149.37,115,187.772
740.901,2146.07,115,189.746
735.85,2152.35,115,188.447
741.105,2133.58,115,189.798
736.705,2127.42,115,188.667
740.869,2103.71,115,189.737
728.084,2100.25,115,186.452
727.088,2105.34,115,186.196
739.586,2123.52,115,189.407
739.788,2132.05,115,189.46
733.683,2162.62,115,187.891
730.904,2981.52,115,187.177
730.448,2999.42,115,187.059
733.652,3003.91,115,187.883
728.922,2990.81,115,186.667
730.21,2970.24,115,186.998
733.652,2953.39,115,187.883
731.831,2940.66,115,187.415
719.298,2929.38,115,184.195
728.597,2911.65,115,186.584
725.723,2894.87,115,185.845
725.348,2880,115,185.749
719.645,2866.83,115,184.284
719.803,2851.98,115,184.324
719.82,2838.92,115,184.329
718.665,2822.25,115,184.032
723.547,2812.01,115,185.286
718.553,2806.49,115,184.003
720.778,2824.19,115,184.575
721.301,3337.06,115,184.709
721.301,3361.51,115,184.709
718.606,3367.34,115,184.017
716.695,3395.87,115,183.526
710.327,3419.98,115,181.89
702.625,3410.17,115,179.911
709.875,3414.88,115,181.774
713.139,1549.3,115,182.612
710.698,1531.81,115,181.985
702.944,1488,115,179.993
695.68,1418.16,115,178.126
692.285,1371.08,115,177.254
692.899,1334.2,115,177.412
689.587,1263.45,115,176.561
687.258,1246.76,115,175.962
687.809,1191.95,115,176.104
674.039,1159.63,116.426,171.205
676.467,1118.82,121.968,166.459
669.19,1080.68,127.434,159.727
669.149,1063.9,129.764,157.546
669.401,1037.87,133.356,154.241
657.213,1008.94,138.224,147.795
656.852,971.959,143.554,143.052
648.09,939.697,149.063,137.17
634.589,944.05,149.772,134.887
616.513,926.147,154.453,129.012
612.036,925.12,155.102,127.974
612.036,911.281,157.35,126.368
606.106,926.878,155.453,126.96
601.945,916.077,157.703,124.874
594.675,918.898,158.038,123.715
579.289,927.915,158.15,121.565
585.823,915.431,159.623,121.528
577.023,927.81,158.411,121.088
577.269,922.985,159.242,120.614
568.351,932.237,158.534,119.779
560.976,936.579,158.506,118.713
555.237,936.063,159.195,117.469
549.379,955.208,156.159,118.228
543.716,968.078,154.214,118.344
533.285,964.218,155.908,115.725
530.37,985.888,151.863,117.255
530.37,990.832,150.879,117.746
524.673,1010.1,147.443,118.392
519.717,1012.41,147.323,117.511
519.848,1011.67,147.465,117.468
516.837,999.746,150.124,115.644
514.691,1010.85,147.996,116.238
507.131,1025.33,145.491,115.922
504.234,1023.93,145.973,115.135
496.694,2777.69,115,126.998
496.325,2759.06,115,126.903
495.92,2770.26,115,126.799
489.328,2745.01,115,125.105
483.048,2735.03,115,123.491
483.242,2721.88,115,123.541
479.491,2692.06,115,122.578
472.946,2691.05,115,120.896
473.073,2681.27,115,120.929
470.387,2671.98,115,120.238
465.444,2652.85,115,118.968
466.536,2634.39,115,119.249
463.461,2623.1,115,118.459
452.48,2589.35,115,115.637
449.689,2582.6,115,115
442.897,2579.8,115,115
446.386,2569.18,115,115
443.11,2551.26,115,115
437.598,2545.97,115,115
438.12,2542.37,115,115
427.127,2522,115,115
428.32,2499.58,115,115
426.555,2496.8,115,115
426.555,2484.63,115,115
415.113,2479.55,115,115
421.423,2467.98,115,115
418.735,2456.73,115,115
413.515,2443.46,115,115
413.663,2440.87,115,115
410.599,2419.83,115,115
405.687,2403.29,115,115
403.859,2413.25,115,115
392.995,2372,118.24,115
394.169,2358.88,117.697,115
391.199,2363.97,119.07,115
385.975,2357.12,121.487,115
385.975,2345.86,121.487,115
386.176,2347.84,121.394,115
382.552,2329.14,123.07,115
379.807,2310,124.339,115
372.102,2321.1,127.903,115
371.046,2301.03,128.391,115
369.461,2277.75,129.124,115
367.004,2272.33,130.261,115
363.498,2260.21,131.882,115
361.109,2247.74,132.987,115
360.217,2225.27,133.4,115
352.687,2215,136.882,115
349.085,2201.97,138.548,115
344.63,2197.31,140.609,115
345.491,2170.51,140.211,115
338.202,2159.85,143.581,115
341.496,2172.11,142.058,115
337.242,2153.7,144.025,115
331.47,2131.22,146.695,115
333.839,2280.05,145.599,115
322.774,2202.1,150.717,115
321.472,2257.96,151.319,115
325.272,2427.82,149.562,115
315.713,2490.65,153.983,115
313.973,2478.92,154.787,115
312.862,2447.26,155.301,115
310.312,2442.96,156.481,115
308.926,2409.32,157.122,115
308.495,2399.37,157.321,115
306.492,2359.46,158.247,115
308.48,2355.6,157.328,115
302.708,2327.89,159.997,115
300.919,2300.25,160.825,115
295.909,2274.33,163.142,115
299.924,2245.34,161.285,115
301.568,2226.27,160.525,115
392.473,2204.26,118.481,115
713.174,2185.3,115,182.621
1115.08,2174.97,115,285.89
1412.14,2164.49,115,300
1211.85,2181.49,115,300
872.927,2210.63,115,223.669
871.869,2246.05,115,223.397
727.782,2267.73,115,186.374
650.792,1900.83,115,166.592
632.831,1789.76,115,161.977
635.625,1768.03,115,162.695
635.625,1754.73,115,162.695
651.315,1743.69,115,166.727
674.83,1729.52,115,172.769
713.308,1688.78,115,182.656
733.571,1699.49,115,187.862
734.912,1672.86,115,188.206
746.305,1661.23,115,191.134
752.387,1652.99,115,192.697
742.902,1629.57,115,190.26
754.503,1603.88,115,193.24
754.567,1588.78,115,193.257
742.688,1608.5,115,190.204
742.509,1584.91,115,190.159
749.126,1528.24,115,191.859
741.921,1549.24,115,190.007
741.921,1533.61,115,190.007
740.989,1535.5,115,189.768
742.272,1492.9,115,190.098
740.202,1465.15,115,189.566
739.215,1447.95,115,189.312
747.142,1424.85,115,191.349
739.95,1411.41,115,189.501
740.921,1398.16,115,189.75
742.883,1376.35,115,190.255
755.124,1339.1,115,193.4
749.509,1346.59,115,191.957
749.509,1331.13,115,191.957
750.486,1332.72,115,192.208
753.264,1307.17,115,192.922
752.804,1291.69,115,192.804
752.804,1275.43,115,192.804
745.304,1274.32,115,190.877
744.871,1266.78,115,190.766
746.063,1249.94,115,191.072
736.5,1238.02,115,188.615
741.359,1224.63,115,189.863
737.565,1204.65,115,188.888
737.565,1191.07,115,188.888
735.709,1186.68,115,188.411
738.622,1165.77,115.46,188.546
735.769,1161.15,115.973,187.149
738.373,1135.26,118.776,184.066
737.239,1129.09,119.466,182.892
739.991,1111.64,121.297,181.048
745.671,1076.59,124.83,177.327
745.919,1076.91,124.787,177.432
746.853,1069.41,125.531,176.56
746.744,1055,127.04,174.434
746.055,1034.17,129.253,171.244
741.215,1025.81,130.435,168.935
737.446,1053.28,127.701,172.025
742.182,1075.51,125.091,176.343
747.961,1096.9,122.624,180.839
747.429,1527.54,115,191.423
745.936,1574.01,115,191.039
745.605,1548.79,115,190.954
738.698,1524.25,115,189.179
746.521,2159.82,115,191.189
746.521,2144.95,115,191.189
739.132,2283.76,115,189.291
738.15,2386.31,115,189.038
737.263,2371.41,115,188.811
731.594,2382.59,115,187.354
731.594,2367.74,115,187.354
729.968,2084.98,115,186.936
728.984,2502.45,115,186.683
728.984,2487.52,115,186.683
733.753,2491.28,115,187.909
729.656,2568.71,115,186.856
728.622,3073.23,115,186.59
727.699,3054.32,115,186.353
727.447,3026.43,115,186.289
727.484,3016.22,115,186.298
723.184,3010.96,115,185.193
728.08,2991.44,115,186.451
721.67,2992.38,115,184.804
717.856,2977.27,115,183.824
715.8,2983.49,115,183.296
707.244,2976.31,115,181.097
707.244,2989.77,115,181.097
712.768,2976.68,115,182.517
712.769,2989.11,115,182.517
714.243,2990.56,115,182.896
712.913,2998.51,115,182.554
711.326,3003.86,115,182.146
701.508,3012.84,115,179.624
701.508,3027.09,115,179.624
701.13,3023.22,115,179.526
695.562,1463.83,115,178.096
696.106,1423.8,115,178.236
692.763,1375.46,115,177.377
686.198,1315.67,115,175.69
686.226,1292.35,115,175.697
677.698,1252.7,115,173.506
678.943,1202.74,115,173.826
671.931,1150.61,117.681,169.491
673.847,1126.7,120.947,166.845
666.38,1112.5,123.085,163.161
657.819,1079.29,128.085,156.844
654.117,1055.84,131.643,153.007
652.763,1031.2,135.303,149.596
642.053,1017.22,138.062,145.438
640.089,999.552,140.862,142.83
629.879,961.983,147.464,136.057
623.102,980.92,145.094,136.864
620.343,954.413,149.546,133.133
621.191,964.647,147.84,134.523
608.948,933.459,154.07,128.304
600.907,921.909,156.843,125.327
588.738,930.95,156.615,123.846
584.179,916.198,159.673,121.279
576.548,915.01,160.74,119.6
572.971,926.381,159.101,120.101
568.633,936.585,157.715,120.302
557.75,944.248,157.409,118.848
555.149,950.142,156.562,118.919
552.722,955.591,155.769,118.974
540.825,960.937,155.859,117.001
535.416,971.948,154.194,116.955
384.979,976.164,165.922,98.9467
334.58,969.893,184.703,98.4307
296.632,996.339,193.184,100.608
284.166,2735.5,168.573,115
255.326,2676.16,181.912,115
251.212,2656.64,183.814,115
231.385,2602.94,192.984,115
226.065,2565.02,195.445,115
221.94,2545.33,197.353,115
219.002,2510.69,198.711,115
217.759,2475.08,199.286,115
218.054,2466.65,199.15,115
219.397,2440.41,198.529,115
239.678,2398.41,189.149,115
249.422,2374.12,184.642,115
254.568,2339.53,182.263,115
281.531,2313.76,169.792,115
310.422,2307.19,156.43,115
501.166,2280.29,115,128.147
501.517,2268.94,115,128.237
502.058,2246.39,115,128.376
505.216,2239.3,115,129.187
504.936,2237.39,115,129.116
500.1,2222.26,115,127.873
509.083,2203.32,115,130.181
504.23,2195.27,115,128.934
499.49,2186.04,115,127.716
504.957,2168.97,115,129.121
504.681,2162.05,115,129.05
502.537,2153.27,115,128.499
504.718,2143.15,115,129.059
504.718,2138.55,115,129.059
503.798,2138.55,115,128.823
503.798,2126.9,115,128.823
500.786,2122.63,115,128.049
498.929,2105.45,115,127.572
503.913,2098.37,115,128.853
503.941,2088.07,115,128.86
503.222,2077.35,115,128.675
502.349,2065.72,115,128.451
505.395,2057.07,115,129.233
499.886,2048.69,115,127.818
503.331,2041.21,115,128.703
506.215,2032.31,115,129.444
504.344,2022.97,115,128.963
501.387,2001.37,115,128.204
504.089,1995.17,115,128.898
505.248,1992.56,115,129.196
503.499,1977.15,115,128.746
502.789,1972.54,115,128.564
503.387,1957.06,115,128.718
501.847,1945.74,115,128.322
505.258,1935.58,115,129.198
500.917,1918.31,115,128.083
496.771,1906.78,115,127.018
505.919,1899.6,115,129.368
502.902,1887.56,115,128.593
505.519,1871.2,115,129.265
503.008,1858.67,115,128.62
503.008,1856.04,115,128.62
508.813,1857.2,115,130.112
505.675,1840.26,115,129.305
503.241,1830.52,115,128.68
503.253,1813.64,115,128.683
503.057,1804.02,115,128.633
504.129,1795.27,115,128.908
505.196,1783.35,115,129.182
503.669,1780.74,115,128.79
504.021,1772.42,115,128.88
504.076,1754.76,115,128.895
505.846,1745.46,115,129.349
500.849,1728,115,128.065
499.924,1718.8,115,127.828
499.924,1715.15,115,127.828
1144.23,1710.42,115,293.378
1139.57,1698.61,115,292.181
1142.1,1693.58,115,292.832
1135.87,1682.4,115,291.229
1135.8,1692.72,115,291.211
934.024,1688.41,115,239.367
732.069,1700.53,115,187.476
648.419,1720.81,115,165.983
580.475,1741.44,115,148.525
579.415,1747.49,115,148.252
579.213,1735.5,115,148.201
534.595,1746,115,136.736
570.209,1740.86,115,145.887
570.085,1747.9,115,145.855
602.405,1736.95,115,154.16
626.674,1728.33,115,160.395
664.122,1728.44,115,170.018
696.064,1725.49,115,178.225
714.156,1717.36,115,182.873
734.141,1720.5,115,188.009
756.407,1735.83,115,193.729
761.223,1747.41,115,194.967
751.264,1767.39,115,192.408
752.999,1781.74,115,192.854
749.369,1792.51,115,191.921
749.369,1815.49,115,191.921
742.71,1811.81,115,190.21
726.955,1831.12,115,186.162
731.083,1877.13,115,187.223
739.724,1908.08,115,189.443
731.214,1931.02,115,187.256
737.429,1946.77,115,188.853
746.576,1979.56,115,191.204
737.2,2006.81,115,188.794
746.506,2036.81,115,191.186
740.63,2097.39,115,189.676
730.833,2141.9,115,187.159
747.756,2190.09,115,191.507
730.857,2243.69,115,187.165
742.619,2246.63,115,190.187
731.472,2305.09,115,187.323
727.212,2298.49,115,186.228
725.942,2301.37,115,185.902
740.093,2301.37,115,189.538
737.155,2310.25,115,188.783
742.301,2309.1,115,190.105
741.835,2312.75,115,189.985
740.867,2323.22,115,189.737
740.639,2332.61,115,189.678
748.023,2344.53,115,191.575
740.932,2356.68,115,189.753
752.523,2366.61,115,192.731
746.516,2385.07,115,191.188
745.999,2388.75,115,191.055
740.672,2402.33,115,189.686
749.309,2438.27,115,191.906
750.503,2458.65,115,192.213
745.76,2486.85,115,190.994
740.045,2488.72,115,189.525
749.542,2560.3,115,191.966
743.443,2559.65,115,190.399
740.682,2598.04,115,189.689
740.017,2621.21,115,189.518
738.921,2663.11,115,189.237
732.883,2681.25,115,187.685
732.883,2704.39,115,187.685
734.144,2720.06,115,188.009
734.144,2755.72,115,188.009
736.598,2759.2,115,188.64
736.598,2793.78,115,188.64
734.625,2809.61,115,188.133
734.625,2844.13,115,188.133
735.064,2861.04,115,188.246
733.779,2969.71,115,187.915
735.977,2970.87,115,188.48
727.047,3081.9,115,186.186
727.775,3083.12,115,186.373
731.804,3145.52,115,187.408
731.113,3237.7,115,187.23
727.91,3277.56,115,186.407
729.842,3621.48,115,186.904
721.953,3698.4,115,184.877
721.625,3387.73,115,184.792
722.051,3370.76,115,184.902
721.529,3352.95,115,184.768
721.629,3345.25,115,184.793
721.011,3335.92,115,184.635
720.29,3318.03,115,184.45
716.72,3296.66,115,183.532
717.024,3283.48,115,183.61
712.509,3272.33,115,182.45
712.611,3247.64,115,182.477
696.758,1851.36,115,178.403
694.75,1683.33,115,177.887
692.366,1668.95,115,177.275
697.259,1682.09,115,178.532
696.094,1602.5,115,178.232
693.295,1533.78,115,177.513
683.88,1469.97,115,175.094
680.891,1419.46,115,174.326
670.908,1353.39,115,171.761
667.104,1316.85,115,170.784
665.723,1216.44,115,170.429
664.444,1173.13,115,170.1
655.934,1156.18,117.01,166.155
646.903,1119.74,122.503,159.3
648.613,1093.61,126.336,156.448
643.849,1066.71,130.534,151.965
641.246,1042.63,134.287,148.385
641.246,1029.85,136.214,146.811
568.323,1028.33,141.021,130.084
397.464,997.226,156.667,100.681
358.716,995.698,170.962,100.556
336.139,1012.8,175.71,101.966
310.872,1019.26,183.874,102.499
310.872,1045.02,179.167,104.627
306.711,1058.21,178.404,105.718
290.593,1075.38,181.856,107.138
285.595,1109.7,178.104,109.985
285.595,1154.83,170.48,113.736
283.083,1140.46,174.028,112.54
279.729,1201.7,170.625,115
276.643,1254.01,172.053,115
276.344,1248.17,172.191,115
273.405,1289.39,173.55,115
272.255,1310.4,174.082,115
282.964,1366.28,169.129,115
292.732,1424.48,164.612,115
312.37,2737.15,155.529,115
336.243,2721.09,144.487,115
361.012,2707.07,133.032,115
394.761,2704.48,117.423,115
534.216,2692.46,115,136.639
529.253,2684,115,135.364
530.54,2673.37,115,135.694
536.66,2651.57,115,137.267
533.379,2632.79,115,136.424
533.379,2620.76,115,136.424
528.417,2626.94,115,135.149
525.937,2621.84,115,134.512
525.562,2611.41,115,134.415
525.419,2589.5,115,134.378
519.655,2585.38,115,132.897
515.935,2570.4,115,131.942
513.849,2557.38,115,131.406
513.716,2560.63,115,131.371
516.963,2549.37,115,132.206
518.077,2540.19,115,132.492
510.68,2522.96,115,130.591
510.186,2510.94,115,130.464
506.149,2486.62,115,129.427
504.756,2473.78,115,129.069
507.088,2466.4,115,129.668
497.636,2460.02,115,127.24
499.681,2449.48,115,127.765
499.681,2437.32,115,127.765
498.654,2429.33,115,127.501
492.513,2419.49,115,125.923
492.578,2413.76,115,125.94
490.091,2401.58,115,125.301
488.131,2378.17,115,124.798
487.258,2365.41,115,124.573
490.007,2356.28,115,125.279
485.999,2348.28,115,124.25
478.707,2329.55,115,122.376
479.752,2320.64,115,122.645
474.782,2302.6,115,121.368
472.253,2291.44,115,120.718
468.487,2286.18,115,119.75
472.238,2267.83,115,120.714
469.113,2262.81,115,119.911
464.547,2243.98,115,118.738
464.744,2240.39,115,118.788
459.689,2222.85,115,117.49
458.746,2207.4,115,117.247
455.763,2193.5,115,116.481
455.267,2183.51,115,116.353
450.368,2182.29,115,115.095
450.53,2167.39,115,115.136
450.64,2147.55,115,115.165
442.875,2131.85,115,115
441.156,2119.82,115,115
444.036,2117.39,115,115
440.644,2104.08,115,115
434.7,2085.37,115,115
431.449,2078.36,115,115
435.141,2075.06,115,115
428.464,2059.73,115,115
427.878,2047.07,115,115
427.878,2034.91,115,115
422.834,2033.4,115,115
422.834,2021.38,115,115
426.351,2021.45,115,115
424.545,2008.4,115,115
425.332,1997.3,115,115
414.522,1990.39,115,115
415.903,1972.41,115,115
416.251,1965.03,115,115
410.024,1945.37,115,115
408.297,1933.34,115,115
403.557,1928.94,115,115
401.742,1916.91,115,115
399.484,1897.38,115.239,115
398.879,1884.33,115.518,115
394.64,1880.44,117.479,115
392.221,1864.1,118.598,115
386.945,1855.39,121.038,115
386.352,1835.74,121.312,115
389.055,1832.48,120.062,115
388.275,1819.49,120.423,115
386.651,1813.53,121.174,115
382.336,1795.17,123.17,115
382.336,1784.13,123.17,115
381.921,1782.39,123.362,115
375.999,1775.77,126.101,115
378.887,1762.06,124.765,115
373.12,1743.16,127.432,115
370.351,1731,128.713,115
372.315,1728.57,127.804,115
373.216,1713.37,127.388,115
367.08,1695.83,130.225,115
365.583,1686.65,130.918,115
362.202,1673.81,132.482,115
360.74,1660.1,133.158,115
358.624,1653.19,134.136,115
357.956,1629.41,134.445,115
349.872,1628.65,138.184,115
351.767,1614.3,137.308,115
354.55,1587.61,136.021,115
349.155,1580.63,138.516,115
340.829,1572.19,142.367,115
342.972,1558.71,141.375,115
342.221,1545.86,141.723,115
346.188,1525.52,139.888,115
344.638,1511.5,140.605,115
336.784,1502.33,144.237,115
340.532,1485.95,142.504,115
336.349,1468.48,144.439,115
324.903,1457.73,149.732,115
332.702,1442.17,146.125,115
339.5,1430.47,142.981,115
346.398,1412.62,139.791,115
737.213,1409.41,115,188.798
1163.16,1392.48,115,298.242
1472.07,1384.61,115,300
1748.95,1367.25,115,300
1749.79,1338.46,115,300
1353.22,1327.33,115,300
1115.6,1309.86,115,286.022
1113.98,1289.47,115,285.606
835.483,1276.5,115,214.048
726.511,1251.88,115,186.048
726.511,1233.2,115,186.048
665.626,1224.75,115,170.404
663.836,1207.9,115,169.944
628.686,1216.11,115,160.912
615.786,1206.72,115,157.598
611.044,1196.03,115,156.379
622.584,1186.3,115,159.344
658.768,1174.1,115,168.642
661.457,1161.17,116.263,168.198
682.729,1157.03,116.732,173.073
697.1,1128.11,120.32,172.797
710.03,1124.74,120.487,175.536
701.236,1125.28,120.597,173.436
709.876,1113.41,121.862,173.93
719.635,1100.56,123.116,174.516
719.457,1099.75,123.217,174.359
715.34,1101.6,123.125,173.621
724.373,1097.18,123.358,175.185
721.044,1086.96,124.65,172.946
720.06,1087.11,124.669,172.731
735.875,1091.8,123.574,177.189
745.761,1092.72,123.134,179.698
733.788,1083.88,124.52,175.553
730.493,1083.46,124.693,174.707
742.516,1076.08,125.016,176.505
736.444,1077.37,125.129,175.251
736.328,1074.47,125.45,174.807
741.336,1077.98,124.862,176.5
746.669,1077.63,124.681,177.714
741.412,1082.7,124.354,177.202
740.387,1083.15,124.346,177.022
751.717,1082.54,123.972,179.633
751.891,1098.63,122.32,182.042
758.912,1103.97,121.567,184.533
751.558,1102.6,121.923,182.546
746.71,1118.47,120.407,183.69
750.158,1131.7,118.961,186.483
759.08,1140.28,117.957,189.981
753.305,1152.13,116.824,190.287
748.154,1155.81,116.482,189.523
755.427,1168.73,115.129,193.289
747.973,1195.15,115,191.563
752.055,1205.77,115,192.611
759.755,1238.17,115,194.59
743.065,1237.55,115,190.302
742.105,1290.74,115,190.055
752.008,1332.53,115,192.599
751.722,1351.77,115,192.526
747.344,1400.17,115,191.401
747.555,1481.18,115,191.455
749.662,1480.05,115,191.997
739.048,1562.68,115,189.269
736.166,1609.91,115,188.529
734.773,1693.3,115,188.171
737.428,1778.9,115,188.853
734.694,1772.12,115,188.15
735.693,4004.85,115,188.407
734.505,3980.85,115,188.102
732.767,3969.37,115,187.655
733.709,3958.42,115,187.897
730.278,3704.28,115,187.016
735.211,3685.99,115,188.283
734.029,3671.23,115,187.98
728.059,3659.78,115,186.446
727.739,3645.04,115,186.363
728.049,3625.03,115,186.443
724.467,3614.05,115,185.523
722.554,3589.34,115,185.031
722.128,3582.79,115,184.922
723.263,3563.57,115,185.213
718.858,3367.94,115,184.082
718.961,3312.34,115,184.108
718.39,3300.82,115,183.961
715.593,1046.45,129.638,166.003
715.041,1035.29,130.987,164.327
710.609,998.99,135.608,158.318
711.651,980.704,137.711,156.031
711.651,965.736,139.495,153.973
707.029,954.801,141.237,151.494
703.984,945.503,142.665,149.589
701.185,930.582,144.786,146.989
699.663,916.997,146.632,144.847
691.798,906.627,148.832,141.871
699.63,899.095,148.855,142.434
695.461,888.539,150.68,140.194
691.178,868.344,153.785,136.676
691.838,864.542,154.18,136.3
683.748,871.459,154.367,135.648
678.023,853.388,157.524,132.199
678.023,838.449,159.51,130.266
666.891,867.789,157.092,131.915
667.377,3071.28,115,170.854
652.531,3030.24,115,167.039
652.889,3015.74,115,167.131
649.664,3000.12,115,166.303
647.652,774.324,173.293,116.724
645.258,766.265,174.89,115.326
642.549,752.348,177.424,113.173
636.467,2943.03,115,162.912
633.037,2928.9,115,162.03
632.782,2925.58,115,161.965
629.475,2899.92,115,161.115
624.8,2883.21,115,159.914
624.8,2869.07,115,159.914
622.98,2874.15,115,159.446
619.215,671.877,194.355,99.8933
609.477,641.663,201.341,94.9779
607.429,663.92,198.216,97.1982
600.828,2809.49,115,153.755
593.961,2791.52,115,151.99
593.961,2778.27,115,151.99
593.09,2778.29,115,151.766
588.961,2772.59,115,150.705
586.047,2758.07,115,149.956
583.072,2743.94,115,149.192
580.527,2726.26,115,148.538
576.486,2715.04,115,147.5
573.165,2708.53,115,146.647
564.326,2686.98,115,144.376
568.697,2681.33,115,145.499
565.024,2665.86,115,144.555
561.124,2653.47,115,143.553
556.887,2637.61,115,142.464
549.178,2628.1,115,140.483
548.066,2609.22,115,140.198
544.217,2596.79,115,139.208
544.217,2584.54,115,139.208
544.173,2584.19,115,139.197
538.276,2573.37,115,137.682
539.886,2564.24,115,138.096
534.63,2542.04,115,136.745
531.833,2528.89,115,136.026
524.283,2522.31,115,134.087
523.966,2503.45,115,134.005
515.614,2497.32,115,131.859
514.858,2484.85,115,131.665
511.315,2480.65,115,130.755
501.933,2460.14,115,128.344
502.06,2448.29,115,128.377
498.685,2442.86,115,127.509
479.705,2433.84,115,122.633
270.355,2418.74,174.961,115
252.273,2399.77,183.324,115
227.953,2391.68,194.572,115
216.142,2374.9,200.034,115
212.062,2364.1,201.921,115
195.365,2348.65,209.644,115
195.133,2325.21,209.751,115
188.942,2312.14,212.615,115
192.686,2297.29,210.883,115
190.633,2287.62,211.832,115
191.424,2270.91,211.466,115
186.539,2254.78,213.725,115
190.507,2255.54,211.891,115
192.97,2242.81,210.751,115
198.837,2242.73,208.038,115
199.165,2242.53,207.886,115
193.582,2242.69,210.468,115
197.404,2233.42,208.701,115
193.606,2232.69,210.457,115
191.557,2230.11,211.405,115
205.378,589.117,274.459,67.4779
210.35,559.37,277.413,65.0909
207.4,536.986,280.376,63.2978
189.968,543.295,281.343,63.803
203.353,523.953,282.268,62.2549
244.129,545.686,275.691,63.9945
413.711,561.837,256.486,65.2887
402.378,2149.87,115,115
392.448,2138.47,118.493,115
381.766,2117.43,123.433,115
377.089,2109.82,125.597,115
375.317,2082.19,126.416,115
369.491,2072.19,129.11,115
367.01,2066.51,130.258,115
363.994,2050.93,131.653,115
363.03,2042.27,132.098,115
359.672,2028.62,133.652,115
359.672,2016.02,133.652,115
356.261,2022.86,135.229,115
352.432,2009.4,137,115
347.89,1985.95,139.101,115
347.486,1979.25,139.288,115
344.227,1966.66,140.795,115
346.243,1965.36,139.862,115
337.013,1955.67,144.132,115
335.138,1938.14,144.999,115
333.427,1923.93,145.79,115
327.327,1914.4,148.611,115
329.099,1906.05,147.792,115
321.746,1891.26,151.193,115
325.608,1880.89,149.406,115
324.676,1867.97,149.837,115
324.676,1855.82,149.837,115
315.379,1856.76,154.137,115
315.747,1852.98,153.967,115
316.972,1838.69,153.4,115
313.469,1841.67,155.021,115
306.441,1859.62,158.271,115
304.293,2012.51,159.264,115
288.118,1994.42,166.746,115
304.561,1984.81,159.14,115
309.729,1975.28,156.75,115
314.022,1957.05,154.765,115
620.701,1948.04,115,158.861
1113.02,1929.03,115,285.359
1602.65,1918.77,115,300
1699.98,1903.95,115,300
1949.98,1885.4,115,300
1948.27,1864.21,115,300
1617.02,1865.13,115,300
1246.91,1845.53,115,300
1068.06,1613.63,115,273.808
870.115,1586.49,115,222.946
756.979,1565.24,115,193.876
755.11,1546.98,115,193.396
671.674,1523.59,115,171.958
639.324,1510.52,115,163.646
653.762,1497.72,115,167.355
656.168,1482.48,115,167.974
655.602,1470.17,115,167.828
673.002,1457.12,115,172.299
698.445,1440.29,115,178.837
693.627,1432.23,115,177.599
705.877,1416.35,115,180.746
721.239,1399.53,115,184.693
706.425,1379.34,115,180.887
713.875,1376.03,115,182.801
719.146,1356.73,115,184.155
729.675,1336.77,115,186.861
727.749,1324.54,115,186.366
717.063,1311.58,115,183.62
716.966,1297.26,115,183.595
732.194,1274.01,115,187.508
722.014,1265.35,115,184.893
727.132,1248.28,115,186.208
726.683,1234.21,115,186.092
734.316,1236.88,115,188.053
731.611,1232.76,115,187.358
747.822,1253.38,115,191.524
754.028,1747.12,115,193.118
745.363,1746.42,115,190.892
742.874,1754.89,115,190.252
737.284,1749.45,115,188.816
735.665,1756.8,115,188.4
735.138,1951.55,115,188.265
736.492,2094.22,115,188.613
736.603,2080.45,115,188.641
747.006,2068.01,115,191.314
746.682,2053.41,115,191.231
741.102,2054.07,115,189.797
738.18,2047.11,115,189.046
738.817,2054.05,115,189.21
735.067,2057.67,115,188.246
727.332,2151.87,115,186.259
734.952,2152.23,115,188.217
729.862,2137.7,115,186.909
729.147,2131.07,115,186.725
738.676,2122.98,115,189.174
730.015,2091.27,115,186.948
730.165,2088.59,115,186.987
735.457,2103.71,115,188.346
733.754,2107.7,115,187.909
733.283,2109.35,115,187.788
733.283,2115.88,115,187.788
735.767,2123.75,115,188.426
736.27,2239.94,115,188.555
734.284,2970.98,115,188.045
733.398,2993,115,187.817
736.038,2983.3,115,188.496
725.204,2968.61,115,185.712
729.57,2952.79,115,186.834
734.937,2944.59,115,188.213
726.073,2925.19,115,185.935
726.058,2910.47,115,185.932
733.22,2909.78,115,187.772
729.748,2896.68,115,186.88
723.527,2880.18,115,185.281
730.219,2868.59,115,187.001
726.423,2849.7,115,186.025
724.441,2836.64,115,185.516
723.528,2822.02,115,185.281
723.151,2810.62,115,185.185
722.961,2796,115,185.136
717.01,2781.31,115,183.607
715.83,2809.02,115,183.303
717.772,2829.63,115,183.802
717.772,3322.38,115,183.802
719.889,3328.87,115,184.347
717.698,3353.45,115,183.783
717.021,3362.9,115,183.61
716.854,3390.33,115,183.567
710.981,3394.56,115,182.057
708.324,3389.97,115,181.375
711.048,3360.75,115,182.075
704.2,1533.41,115,180.315
703.276,1478.36,115,180.078
695.063,1476.66,115,177.968
691.389,1412.94,115,177.024
694.338,1401.83,115,177.781
689.964,1346.99,115,176.657
693.294,1316.99,115,177.513
693.294,1258.84,115,177.513
688.803,1258.84,115,176.359
679.321,1222.25,115,173.923
676.697,1182.58,115,173.248
676.44,1145.26,118.372,169.926
669.549,1105.66,123.953,163.049
668.123,1094.6,125.537,161.272
661.791,1068.04,129.523,156.35
659.304,1045.39,132.873,152.886
651.422,1013.49,137.972,147.074
634.606,976.433,144.818,138.814
621.621,957.515,148.932,133.77
615.262,951.642,150.478,131.736
613.087,943.662,151.982,130.348
609.388,942.811,152.492,129.477
607.201,935.872,153.855,128.221
601.395,927.094,155.923,126.017
591.815,953.222,152.47,126.975
582.566,942.737,155.198,123.869
569.683,949.674,155.234,121.925
568.736,944.601,156.248,121.183
559.97,945.72,156.914,119.467
555.876,961.604,154.342,120.27
545.282,965.093,154.648,118.373
544.952,974.492,152.869,119.265
539.709,975.767,153.074,118.264
533.677,995.615,149.671,118.948
526.628,1001.77,148.978,118.006
522.832,1024.59,144.635,119.4
518.883,1011.31,147.607,117.218
517.532,1034.37,142.97,119.15
517.839,1018.55,146.196,117.686
507.988,1035.65,143.276,117.094
504.07,1035.84,143.469,116.217
500.898,1023.38,146.307,114.329
501.557,2785.68,115,128.247
497.904,2773.37,115,127.309
497.203,2754.81,115,127.129
493.141,2752.25,115,126.085
489.666,2730.62,115,125.192
487.368,2710.47,115,124.602
482.949,2699.32,115,123.466
481.432,2688.53,115,123.076
478.148,2665.17,115,122.232
472.355,2652.17,115,120.744
471.188,2641.38,115,120.444
465.606,2636.53,115,119.01
462.425,2624.73,115,118.193
462.076,2625.61,115,118.103
457.531,2603.6,115,116.935
455.739,2591.79,115,116.475
448.607,2595.15,115,115
446.275,2583.39,115,115
449.37,2564.22,115,115
443.116,2566.04,115,115
443.116,2554.28,115,115
437.851,2557.58,115,115
435.941,2519.2,115,115
432.125,2531.68,115,115
433.421,2519.56,115,115
428.564,2504.96,115,115
426.163,2489.15,115,115
426.163,2477.39,115,115
426.021,2473.36,115,115
423.223,2453.21,115,115
417.352,2444.61,115,115
417.621,2432.36,115,115
410.309,2418.79,115,115
406.651,2407.03,115,115
407.713,2394.21,115,115
402.269,2381.28,115,115
401.198,2376.47,115,115
398.568,2373.94,115.662,115
394.112,2374.22,117.723,115
391.405,2355.93,118.975,115
389.484,2341.99,119.864,115
383.967,2329.29,122.415,115
382.738,2318.54,122.984,115
381.311,2294.52,123.644,115
379.461,2285.33,124.499,115
370.681,2274.09,128.56,115
368.68,2264.74,129.485,115
366.06,2247.32,130.697,115
370.153,2241.74,128.804,115
362.228,2237.32,132.469,115
359.005,2226.08,133.96,115
355.724,2183.14,135.477,115
355.254,2191.63,135.695,115
351.694,2187.04,137.341,115
347.499,2166.37,139.282,115
341.399,2159.08,142.103,115
336.187,2158.19,144.513,115
333.598,2145.61,145.711,115
338.383,2150.2,143.498,115
337.166,2266.92,144.061,115
329.237,2203.67,147.728,115
328.643,2237.9,148.003,115
328.25,2267.91,148.184,115
322.858,2485.29,150.678,115
315.822,2475.08,153.932,115
318.686,2456.55,152.608,115
314.406,2442.87,154.587,115
312.91,2399.81,155.279,115
308.34,2378.21,157.393,115
302.749,2349.04,159.978,115
298.862,2321.92,161.776,115
299.433,2314.4,161.512,115
293.036,2294.88,164.471,115
294.494,2261.57,163.797,115
297.626,2244.35,162.348,115
314.974,2215.18,154.324,115
462.787,2197.04,115,118.286
760.791,2169.6,115,194.856
1124.44,2153.69,115,288.293
1324.73,2162.63,115,300
1407.68,2151.84,115,300
1329.79,2161.64,115,300
1052.14,2203.92,115,269.716
1050.31,2228.1,115,269.247
849.239,2142.8,115,217.582
757.848,1880.29,115,194.1
696.194,1734.22,115,178.258
653.499,1710.13,115,167.288
634.244,1737.37,115,162.34
624.957,1755.64,115,159.954
644.106,1757.99,115,164.875
657.697,1665.45,115,168.367
675.33,1693.56,115,172.897
722.331,1674.92,115,184.974
724.233,1675.43,115,185.463
723.542,1611.05,115,185.285
732.37,1599.59,115,187.553
726.339,1555.9,115,186.004
725.251,1524.68,115,185.724
724.889,1513.3,115,185.631
724.889,1487.75,115,185.631
726.115,1486.9,115,185.946
730.977,1464.45,115,187.196
738.091,1443.38,115,189.023
738.867,1416.99,115,189.223
742.712,1391.65,115,190.211
751.985,1378.99,115,192.593
742.919,1368.86,115,190.264
735.267,1344.89,115,188.298
750.563,1313.16,115,192.228
742.154,1326.56,115,190.067
742.397,1311.76,115,190.13
748.73,1290.61,115,191.757
738.958,1274.19,115,189.246
737.753,1259.17,115,188.937
738.548,1252.84,115,189.141
748.724,1233.22,115,191.755
740.774,1224.47,115,189.713
739.846,1207.2,115,189.474
741.539,1196.36,115,189.909
754.563,1182.24,115,193.256
750.993,1155.95,116.449,190.266
743.288,1146.52,117.501,186.934
752.605,1133.44,118.742,187.349
752.93,1115.58,120.559,184.792
753.117,1084.38,123.73,180.239
752.536,1070.81,125.135,178.104
748.878,1058.67,126.552,175.465
756.003,1058.92,126.175,177.164
754.964,1044.05,127.723,174.731
746.946,1027.79,129.863,170.52
753.918,1020.53,130.156,171.034
754.261,1021.7,130.016,171.283
759.079,1008.07,131.044,170.352
747.658,1056.14,126.875,174.813
758.608,1057.89,126.149,177.619
750.399,1059.57,126.385,175.952
750.582,1103.51,121.859,182.442
758.966,1531.72,115,194.387
748.543,1498.7,115,191.709
750.615,1452.44,115,192.241
753.164,2129.71,115,192.896
756.737,2548.88,115,193.814
747.132,2103.67,115,191.346
746.508,2113.89,115,191.186
742.191,2500.36,115,190.077
741.47,2485.15,115,189.892
738.433,2545.21,115,189.111
742.334,3061.05,115,190.114
736.424,3040.93,115,188.595
729.048,3016.06,115,186.7
736.779,3004.13,115,188.686
737.288,2995,115,188.817
729.368,2984,115,186.782
734.382,2979.49,115,188.07
727.93,2971.44,115,186.413
727.864,2961.21,115,186.396
725.436,2962.36,115,185.772
727.566,2980.75,115,186.319
720.551,2974.72,115,184.517
721.822,2985.01,115,184.843
719.112,2989.63,115,184.147
707.913,2989.07,115,181.269
709.471,3007.48,115,181.67
706.252,3011.25,115,180.843
713.836,1477.01,115,182.791
699.542,1420.18,115,179.118
699.425,1374.8,115,179.088
697.004,1327.61,115,178.466
690.102,1278.78,115,176.693
690.046,1236.7,115,176.678
680.762,1207.19,115,174.293
674.829,1159.34,116.461,171.368
673.405,1131.75,120.262,167.395
670.244,1096.06,125.263,161.972
665.346,1092.96,125.86,160.392
661.369,1049.47,132.18,153.882
660.132,1022.25,136.122,150.136
655.253,1002.83,139.245,146.59
647.081,988.403,141.982,142.99
641.295,969.028,145.357,139.35
633.092,950.67,148.906,135.374
627.808,942.104,150.753,133.237
618.626,957.011,149.294,133.077
614.713,957.107,149.647,132.259
607.443,954.687,150.731,130.44
609.016,937.073,153.47,128.736
605.467,939.247,153.475,128.249
609.817,942.3,152.532,129.507
605.473,952.3,151.314,129.75
604.819,944.3,152.704,128.694
605.473,936.3,153.963,127.912
613.121,939.3,152.686,129.847
609.773,954.3,150.572,130.888
609.773,936.3,153.519,128.803
605.473,944.3,152.638,128.831
602.475,939.3,153.772,127.633
610.47,935.3,153.61,128.832
609.773,944.3,152.21,129.73
604.819,946.3,152.372,128.923
605.775,938.3,153.601,128.204
605.473,939.3,153.466,128.256
604.819,936.3,154.03,127.776
604.819,954.3,151.045,129.842
606.774,938.3,153.498,128.412
603.474,949.3,152.006,128.985
603.474,950.3,151.839,129.1
610.772,941.3,152.6,129.59
605.819,950.3,151.611,129.593
606.472,947.3,152.043,129.385
602.82,938.3,153.903,127.59
605.819,946.3,152.273,129.133
603.474,947.3,152.338,128.756
606.423,947.3,152.048,129.374
613.469,941.3,152.327,130.153
606.472,931.3,154.685,127.544
610.772,938.3,153.089,129.243
606.472,941.3,153.034,128.694
605.819,947.3,152.108,129.248
608.471,932.3,154.31,128.072
608.471,951.3,151.189,130.266
608.817,947.3,151.813,129.877
604.474,951.3,151.576,129.425
610.47,948.3,151.486,130.339
610.47,943.3,152.303,129.759
610.47,939.3,152.957,129.296
609.773,939.3,153.028,129.151
605.473,940.3,153.301,128.371
605.473,943.3,152.804,128.716
609.817,943.3,152.369,129.623
609.817,934.3,153.841,128.581
609.817,940.3,152.86,129.276
